Form,Headword,Class,Person,Number,Case,Gender,Type,Primary,Dialects,Footnote
τούτω,οὗτος,demonstrative,,dual,accusative,masculine feminine neuter,regular,primary,,
τούτοιν,οὗτος,demonstrative,,dual,dative,masculine feminine neuter,regular,primary,,
τούτοιν,οὗτος,demonstrative,,dual,genitive,masculine feminine neuter,regular,primary,,
τούτω,οὗτος,demonstrative,,dual,nominative,masculine feminine neuter,regular,primary,,
ταύτᾱς,οὗτος,demonstrative,,plural,accusative,feminine,regular,primary,,
ταύταις,οὗτος,demonstrative,,plural,dative,feminine,regular,primary,,
τούτων,οὗτος,demonstrative,,plural,genitive,feminine,regular,primary,,
αὗται,οὗτος,demonstrative,,plural,nominative,feminine,regular,primary,,
τούτους,οὗτος,demonstrative,,plural,accusative,masculine,regular,primary,,
τούτοις,οὗτος,demonstrative,,plural,dative,masculine,regular,primary,,
τούτων,οὗτος,demonstrative,,plural,genitive,masculine,regular,primary,,
οὗτοι,οὗτος,demonstrative,,plural,nominative,masculine,regular,primary,,
ταῦτα,οὗτος,demonstrative,,plural,accusative,neuter,regular,primary,,
τούτοις,οὗτος,demonstrative,,plural,dative,neuter,regular,primary,,
τούτων,οὗτος,demonstrative,,plural,genitive,neuter,regular,primary,,
ταῦτα,οὗτος,demonstrative,,plural,nominative,neuter,regular,primary,,
ταύτην,οὗτος,demonstrative,,singular,accusative,feminine,regular,primary,,
ταύτῃ,οὗτος,demonstrative,,singular,dative,feminine,regular,primary,,
ταύτης,οὗτος,demonstrative,,singular,genitive,feminine,regular,primary,,
αὕτη,οὗτος,demonstrative,,singular,nominative,feminine,regular,primary,,
τοῦτον,οὗτος,demonstrative,,singular,accusative,masculine,regular,primary,,
τούτῳ,οὗτος,demonstrative,,singular,dative,masculine,regular,primary,,
τούτου,οὗτος,demonstrative,,singular,genitive,masculine,regular,primary,,
οὗτος,οὗτος,demonstrative,,singular,nominative,masculine,regular,primary,,
τοῦτο,οὗτος,demonstrative,,singular,accusative,neuter,regular,primary,,
τούτῳ,οὗτος,demonstrative,,singular,dative,neuter,regular,primary,,
τούτου,οὗτος,demonstrative,,singular,genitive,neuter,regular,primary,,
τοῦτο,οὗτος,demonstrative,,singular,nominative,neuter,regular,primary,,
ἐκείνω,ἐκεῖνος,demonstrative,,dual,accusative,masculine feminine neuter,regular,primary,,
ἐκείνοιν,ἐκεῖνος,demonstrative,,dual,dative,masculine feminine neuter,regular,primary,,
ἐκείνοιν,ἐκεῖνος,demonstrative,,dual,genitive,masculine feminine neuter,regular,primary,,
ἐκείνω,ἐκεῖνος,demonstrative,,dual,nominative,masculine feminine neuter,regular,primary,,
ἐκείνᾱς,ἐκεῖνος,demonstrative,,plural,accusative,feminine,regular,primary,,
ἐκείναις,ἐκεῖνος,demonstrative,,plural,dative,feminine,regular,primary,,
ἐκείνων,ἐκεῖνος,demonstrative,,plural,genitive,feminine,regular,primary,,
ἐκεῖναι,ἐκεῖνος,demonstrative,,plural,nominative,feminine,regular,primary,,
ἐκείνους,ἐκεῖνος,demonstrative,,plural,accusative,masculine,regular,primary,,
ἐκείνοις,ἐκεῖνος,demonstrative,,plural,dative,masculine,regular,primary,,
ἐκείνων,ἐκεῖνος,demonstrative,,plural,genitive,masculine,regular,primary,,
ἐκεῖνοι,ἐκεῖνος,demonstrative,,plural,nominative,masculine,regular,primary,,
ἐκεῖνα,ἐκεῖνος,demonstrative,,plural,accusative,neuter,regular,primary,,
ἐκείνοις,ἐκεῖνος,demonstrative,,plural,dative,neuter,regular,primary,,
ἐκείνων,ἐκεῖνος,demonstrative,,plural,genitive,neuter,regular,primary,,
ἐκεῖνα,ἐκεῖνος,demonstrative,,plural,nominative,neuter,regular,primary,,
ἐκείνην,ἐκεῖνος,demonstrative,,singular,accusative,feminine,regular,primary,,
ἐκείνῃ,ἐκεῖνος,demonstrative,,singular,dative,feminine,regular,primary,,
ἐκείνης,ἐκεῖνος,demonstrative,,singular,genitive,feminine,regular,primary,,
ἐκείνη,ἐκεῖνος,demonstrative,,singular,nominative,feminine,regular,primary,,
ἐκεῖνον,ἐκεῖνος,demonstrative,,singular,accusative,masculine,regular,primary,,
ἐκείνῳ,ἐκεῖνος,demonstrative,,singular,dative,masculine,regular,primary,,
ἐκείνου,ἐκεῖνος,demonstrative,,singular,genitive,masculine,regular,primary,,
ἐκεῖνος,ἐκεῖνος,demonstrative,,singular,nominative,masculine,regular,primary,,
ἐκεῖνο,ἐκεῖνος,demonstrative,,singular,accusative,neuter,regular,primary,,
ἐκείνῳ,ἐκεῖνος,demonstrative,,singular,dative,neuter,regular,primary,,
ἐκείνου,ἐκεῖνος,demonstrative,,singular,genitive,neuter,regular,primary,,
ἐκεῖνο,ἐκεῖνος,demonstrative,,singular,nominative,neuter,regular,primary,,
τώδε,ὅδε,demonstrative,,dual,accusative,masculine feminine neuter,regular,primary,,
τοῖνδε,ὅδε,demonstrative,,dual,dative,masculine feminine neuter,regular,primary,,
τοῖνδε,ὅδε,demonstrative,,dual,genitive,masculine feminine neuter,regular,primary,,
τώδε,ὅδε,demonstrative,,dual,nominative,masculine feminine neuter,regular,primary,,
τά̄σδε,ὅδε,demonstrative,,plural,accusative,feminine,regular,primary,,
ταῖσδε,ὅδε,demonstrative,,plural,dative,feminine,regular,primary,,
τῶνδε,ὅδε,demonstrative,,plural,genitive,feminine,regular,primary,,
αἵδε,ὅδε,demonstrative,,plural,nominative,feminine,regular,primary,,
τούσδε,ὅδε,demonstrative,,plural,accusative,masculine,regular,primary,,
τοῖσδε,ὅδε,demonstrative,,plural,dative,masculine,regular,primary,,
τῶνδε,ὅδε,demonstrative,,plural,genitive,masculine,regular,primary,,
οἵδε,ὅδε,demonstrative,,plural,nominative,masculine,regular,primary,,
τάδε,ὅδε,demonstrative,,plural,accusative,neuter,regular,primary,,
τοῖσδε,ὅδε,demonstrative,,plural,dative,neuter,regular,primary,,
τῶνδε,ὅδε,demonstrative,,plural,genitive,neuter,regular,primary,,
τάδε,ὅδε,demonstrative,,plural,nominative,neuter,regular,primary,,
τήνδε,ὅδε,demonstrative,,singular,accusative,feminine,regular,primary,,
τῇδε,ὅδε,demonstrative,,singular,dative,feminine,regular,primary,,
τῆσδε,ὅδε,demonstrative,,singular,genitive,feminine,regular,primary,,
ἥδε,ὅδε,demonstrative,,singular,nominative,feminine,regular,primary,,
τόνδε,ὅδε,demonstrative,,singular,accusative,masculine,regular,primary,,
τῷδε,ὅδε,demonstrative,,singular,dative,masculine,regular,primary,,
τοῦδε,ὅδε,demonstrative,,singular,genitive,masculine,regular,primary,,
ὅδε,ὅδε,demonstrative,,singular,nominative,masculine,regular,primary,,
τόδε,ὅδε,demonstrative,,singular,accusative,neuter,regular,primary,,
τῷδε,ὅδε,demonstrative,,singular,dative,neuter,regular,primary,,
τοῦδε,ὅδε,demonstrative,,singular,genitive,neuter,regular,primary,,
τόδε,ὅδε,demonstrative,,singular,nominative,neuter,regular,primary,,
ὥτινε,,general relative,,dual,accusative,masculine feminine neuter,regular,primary,,
οἷντινοιν,,general relative,,dual,dative,masculine feminine neuter,regular,primary,,
οἷντινοιν,,general relative,,dual,genitive,masculine feminine neuter,regular,primary,,
ὥτινε,,general relative,,dual,nominative,masculine feminine neuter,regular,primary,,
ἅ̄στινας,,general relative,,plural,accusative,feminine,regular,primary,,
αἷστισι,,general relative,,plural,dative,feminine,regular,primary,,
αἷστισιν,,general relative,,plural,dative,feminine,regular,primary,,
ὁτέοισι,,general relative,,plural,dative,feminine,irregular,,"Homer,Herodotus",
ὧντινων,,general relative,,plural,genitive,feminine,regular,primary,,
ὅτεων,,general relative,,plural,genitive,feminine,irregular,,"Homer,Herodotus",
αἵτινες,,general relative,,plural,nominative,feminine,regular,primary,,
οὕστινας,,general relative,,plural,accusative,masculine,regular,primary,,
ὅτινας,,general relative,,plural,accusative,masculine,irregular,,Homer,
οἷστισι,,general relative,,plural,dative,masculine,regular,primary,,
οἷστισιν,,general relative,,plural,dative,masculine,regular,primary,,
ὅτοις,,general relative,,plural,dative,masculine,regular,primary,,
ὧντινων,,general relative,,plural,genitive,masculine,regular,primary,,
ὅτων,,general relative,,plural,genitive,masculine,regular,primary,,
οἵτινες,,general relative,,plural,nominative,masculine,regular,primary,,
ἅτινα,,general relative,,plural,accusative,neuter,regular,primary,,
ἅττα,,general relative,,plural,accusative,neuter,regular,primary,,
ἅσσα,,general relative,,plural,accusative,neuter,irregular,,"Homer,Herodotus",
οἷστισι,,general relative,,plural,dative,neuter,regular,primary,,
οἷστισιν,,general relative,,plural,dative,neuter,regular,primary,,
ὅτοις,,general relative,,plural,dative,neuter,regular,primary,,
ὧντινων,,general relative,,plural,genitive,neuter,regular,primary,,
ὅτων,,general relative,,plural,genitive,neuter,regular,primary,,
ἅτινα,,general relative,,plural,nominative,neuter,regular,primary,,
ἅττα,,general relative,,plural,nominative,neuter,regular,primary,,
ἅσσα,,general relative,,plural,nominative,neuter,irregular,,"Homer,Herodotus",
ἥντινα,,general relative,,singular,accusative,feminine,regular,primary,,
ᾗτινι,,general relative,,singular,dative,feminine,regular,primary,,
ὅτεῳ,,general relative,,singular,dative,feminine,irregular,,"Homer,Herodotus",
ἧστινος,,general relative,,singular,genitive,feminine,regular,primary,,
ὅττεο,,general relative,,singular,genitive,feminine,irregular,,Homer,
ὅττευ,,general relative,,singular,genitive,feminine,irregular,,Homer,
ὅτευ,,general relative,,singular,genitive,feminine,irregular,,"Homer,Herodotus",
ἥτις,,general relative,,singular,nominative,feminine,regular,primary,,
ὅντινα,,general relative,,singular,accusative,masculine,regular,primary,,
ὅτινα,,general relative,,singular,accusative,masculine,irregular,,Homer,
ᾧτινι,,general relative,,singular,dative,masculine,regular,primary,,
ὅτῳ,,general relative,,singular,dative,masculine,regular,primary,,
οὗτινος,,general relative,,singular,genitive,masculine,regular,primary,,
ὅτου,,general relative,,singular,genitive,masculine,regular,primary,,
ὅστις,,general relative,,singular,nominative,masculine,regular,primary,,
ὅτις,,general relative,,singular,nominative,masculine,irregular,,Homer,
ὅ τι,,general relative,,singular,accusative,neuter,regular,primary,,
ὅ ττι,,general relative,,singular,accusative,neuter,irregular,,Homer,
ᾧτινι,,general relative,,singular,dative,neuter,regular,primary,,
ὅτῳ,,general relative,,singular,dative,neuter,regular,primary,,
οὗτινος,,general relative,,singular,genitive,neuter,regular,primary,,
ὅτου,,general relative,,singular,genitive,neuter,regular,primary,,
ὅ τι,,general relative,,singular,nominative,neuter,regular,primary,,
ὅ ττι,,general relative,,singular,nominative,neuter,irregular,,Homer,
τινέ,,indefinite,,dual,accusative,masculine feminine,regular,primary,,
τινοῖν,,indefinite,,dual,dative,masculine feminine,regular,primary,,
τινοῖν,,indefinite,,dual,genitive,masculine feminine,regular,primary,,
τινέ,,indefinite,,dual,nominative,masculine feminine,regular,primary,,
τινέ,,indefinite,,dual,vocative,masculine feminine,regular,primary,,
τινέ,,indefinite,,dual,accusative,neuter,regular,primary,,
τινοῖν,,indefinite,,dual,dative,neuter,regular,primary,,
τινοῖν,,indefinite,,dual,genitive,neuter,regular,primary,,
τινέ,,indefinite,,dual,nominative,neuter,regular,primary,,
τινέ,,indefinite,,dual,vocative,neuter,regular,primary,,
τινάς,,indefinite,,plural,accusative,masculine feminine,regular,primary,,
τισί,,indefinite,,plural,dative,masculine feminine,regular,primary,,
τισίν,,indefinite,,plural,dative,masculine feminine,regular,primary,,
τινῶν,,indefinite,,plural,genitive,masculine feminine,regular,primary,,
τινές,,indefinite,,plural,nominative,masculine feminine,regular,primary,,
τινά,,indefinite,,plural,accusative,neuter,regular,primary,,
ἄττα,,indefinite,,plural,accusative,neuter,regular,,,2
τισί,,indefinite,,plural,dative,neuter,regular,primary,,
τισίν,,indefinite,,plural,dative,neuter,regular,primary,,
τινῶν,,indefinite,,plural,genitive,neuter,regular,primary,,
τινά,,indefinite,,plural,nominative,neuter,regular,primary,,
ἄττα,,indefinite,,plural,nominative,neuter,regular,,,2
τινά,,indefinite,,singular,accusative,masculine feminine,regular,primary,,
ἄττα,,indefinite,,singular,accusative,masculine feminine,regular,,,2
τινί,,indefinite,,singular,dative,masculine feminine,regular,primary,,
τῳ,,indefinite,,singular,dative,masculine feminine,regular,primary,,
τινός,,indefinite,,singular,genitive,masculine feminine,regular,primary,,
του,,indefinite,,singular,genitive,masculine feminine,regular,primary,,
τις,,indefinite,,singular,nominative,masculine feminine,regular,primary,,
τι,,indefinite,,singular,accusative,neuter,regular,primary,,
τινί,,indefinite,,singular,dative,neuter,regular,primary,,
τῳ,,indefinite,,singular,dative,neuter,regular,primary,,
τινός,,indefinite,,singular,genitive,neuter,regular,primary,,
του,,indefinite,,singular,genitive,neuter,regular,primary,,
τι,,indefinite,,singular,nominative,neuter,regular,primary,,
αὐτά,,intensive,,dual,accusative,feminine,regular,primary,,
αὐταῖν,,intensive,,dual,dative,feminine,regular,primary,,
αὐταῖν,,intensive,,dual,genitive,feminine,regular,primary,,
αὐτά,,intensive,,dual,nominative,feminine,regular,primary,,
αὐτώ,,intensive,,dual,accusative,masculine,regular,primary,,
αὐτοῖν,,intensive,,dual,dative,masculine,regular,primary,,
αὐτοῖν,,intensive,,dual,genitive,masculine,regular,primary,,
αὐτώ,,intensive,,dual,nominative,masculine,regular,primary,,
αὐτώ,,intensive,,dual,accusative,neuter,regular,primary,,
αὐτοῖν,,intensive,,dual,dative,neuter,regular,primary,,
αὐτοῖν,,intensive,,dual,genitive,neuter,regular,primary,,
αὐτώ,,intensive,,dual,nominative,neuter,regular,primary,,
αὐτά̄ς,,intensive,,plural,accusative,feminine,regular,primary,,
αὐταῖς,,intensive,,plural,dative,feminine,regular,primary,,
αὐτῶν,,intensive,,plural,genitive,feminine,regular,primary,,
αὐτέων,,intensive,,plural,genitive,feminine,irregular,,Herodotus,
αὐταί,,intensive,,plural,nominative,feminine,regular,primary,,
αὐτούς,,intensive,,plural,accusative,masculine,regular,primary,,
αὐτοῖς,,intensive,,plural,dative,masculine,regular,primary,,
αὐτῶν,,intensive,,plural,genitive,masculine,regular,primary,,
αὐτέων,,intensive,,plural,genitive,masculine,irregular,,Herodotus,
αὐτοί,,intensive,,plural,nominative,masculine,regular,primary,,
αὐτά,,intensive,,plural,accusative,neuter,regular,primary,,
αὐτοῖς,,intensive,,plural,dative,neuter,regular,primary,,
αὐτῶν,,intensive,,plural,genitive,neuter,regular,primary,,
αὐτέων,,intensive,,plural,genitive,neuter,irregular,,Herodotus,
αὐτά,,intensive,,plural,nominative,neuter,regular,primary,,
αὐτήν,,intensive,,singular,accusative,feminine,regular,primary,,
αὐτῇ,,intensive,,singular,dative,feminine,regular,primary,,
αὐτῆς,,intensive,,singular,genitive,feminine,regular,primary,,
αὐτή,,intensive,,singular,nominative,feminine,regular,primary,,
αὐτόν,,intensive,,singular,accusative,masculine,regular,primary,,
αὐτῷ,,intensive,,singular,dative,masculine,regular,primary,,
αὐτοῦ,,intensive,,singular,genitive,masculine,regular,primary,,
αὐτός,,intensive,,singular,nominative,masculine,regular,primary,,
αὐτό,,intensive,,singular,accusative,neuter,regular,primary,,
αὐτῷ,,intensive,,singular,dative,neuter,regular,primary,,
αὐτοῦ,,intensive,,singular,genitive,neuter,regular,primary,,
αὐτό,,intensive,,singular,nominative,neuter,regular,primary,,
τίνε,,interrogative,,dual,accusative,masculine feminine,regular,primary,,
τίνοιν,,interrogative,,dual,dative,masculine feminine,regular,primary,,
τίνοιν,,interrogative,,dual,genitive,masculine feminine,regular,primary,,
τίνε,,interrogative,,dual,nominative,masculine feminine,regular,primary,,
τίνε,,interrogative,,dual,vocative,masculine feminine,regular,primary,,
τίνε,,interrogative,,dual,accusative,neuter,regular,primary,,
τίνοιν,,interrogative,,dual,dative,neuter,regular,primary,,
τίνοιν,,interrogative,,dual,genitive,neuter,regular,primary,,
τίνε,,interrogative,,dual,nominative,neuter,regular,primary,,
τίνε,,interrogative,,dual,vocative,neuter,regular,primary,,
τίνας,,interrogative,,plural,accusative,masculine feminine,regular,primary,,
τίσι,,interrogative,,plural,dative,masculine feminine,regular,primary,,
τίσιv,,interrogative,,plural,dative,masculine feminine,regular,primary,,
τίνων,,interrogative,,plural,genitive,masculine feminine,regular,primary,,
τίνες,,interrogative,,plural,nominative,masculine feminine,regular,primary,,
τίνα,,interrogative,,plural,accusative,neuter,regular,primary,,
τίσι,,interrogative,,plural,dative,neuter,regular,primary,,
τίσιv,,interrogative,,plural,dative,neuter,regular,primary,,
τίνων,,interrogative,,plural,genitive,neuter,regular,primary,,
τίνα,,interrogative,,plural,nominative,neuter,regular,primary,,
τίνα,,interrogative,,singular,accusative,masculine feminine,regular,primary,,
τίνι,,interrogative,,singular,dative,masculine feminine,regular,primary,,
τῷ,,interrogative,,singular,dative,masculine feminine,regular,primary,,
τίνος,,interrogative,,singular,genitive,masculine feminine,regular,primary,,
τοῦ,,interrogative,,singular,genitive,masculine feminine,regular,primary,,
τίς,,interrogative,,singular,nominative,masculine feminine,regular,primary,,
τί,,interrogative,,singular,accusative,neuter,regular,primary,,
τίνι,,interrogative,,singular,dative,neuter,regular,primary,,
τῷ,,interrogative,,singular,dative,neuter,regular,primary,,
τίνος,,interrogative,,singular,genitive,neuter,regular,primary,,
τοῦ,,interrogative,,singular,genitive,neuter,regular,primary,,
τί,,interrogative,,singular,nominative,neuter,regular,primary,,
νώ,,personal,1st,dual,accusative,,regular,primary,,
νῷν,,personal,1st,dual,dative,,regular,primary,,
νῷν,,personal,1st,dual,genitive,,regular,primary,,
νώ,,personal,1st,dual,nominative,,regular,primary,,
σφώ,,personal,2nd,dual,accusative,,regular,primary,,
σφῷν,,personal,2nd,dual,dative,,regular,primary,,
σφῷν,,personal,2nd,dual,genitive,,regular,primary,,
σφώ,,personal,2nd,dual,nominative,,regular,primary,,
ἡμᾶς,,personal,1st,plural,accusative,,regular,primary,,
ἡμῖν,,personal,1st,plural,dative,,regular,primary,,
ἡμῶν,,personal,1st,plural,genitive,,regular,primary,,
ἡμεῖς,,personal,1st,plural,nominative,,regular,primary,,
ὑμᾶς,,personal,2nd,plural,accusative,,regular,primary,,
ὑμῖν,,personal,2nd,plural,dative,,regular,primary,,
ὑμῶν,,personal,2nd,plural,genitive,,regular,primary,,
ὑμεῖς,,personal,2nd,plural,nominative,,regular,primary,,
σφᾶς,,personal,3rd,plural,accusative,,regular,primary,,
σφίσι,,personal,3rd,plural,dative,,regular,primary,,
σφίσιν,,personal,3rd,plural,dative,,regular,primary,,
σφῶν,,personal,3rd,plural,genitive,,regular,primary,,
σφεῖς,,personal,3rd,plural,nominative,,regular,primary,,
ἐμέ,,personal,1st,singular,accusative,,regular,primary,,
με,,personal,1st,singular,accusative,,regular,primary,,3
ἐμοί,,personal,1st,singular,dative,,regular,primary,,
μοι,,personal,1st,singular,dative,,regular,primary,,3
ἐμοῦ,,personal,1st,singular,genitive,,regular,primary,,
μου,,personal,1st,singular,genitive,,regular,primary,,3
ἐγώ,,personal,1st,singular,nominative,,regular,primary,,
σέ,,personal,2nd,singular,accusative,,regular,primary,,
σε,,personal,2nd,singular,accusative,,regular,primary,,3
σοί,,personal,2nd,singular,dative,,regular,primary,,
σοι,,personal,2nd,singular,dative,,regular,primary,,3
σοῦ,,personal,2nd,singular,genitive,,regular,primary,,
σου,,personal,2nd,singular,genitive,,regular,primary,,3
σύ,,personal,2nd,singular,nominative,,regular,primary,,
ἕ,,personal,3rd,singular,accusative,,regular,primary,,
ἑ,,personal,3rd,singular,accusative,,regular,primary,,3
οἷ,,personal,3rd,singular,dative,,regular,primary,,
οἱ,,personal,3rd,singular,dative,,regular,primary,,3
οὗ,,personal,3rd,singular,genitive,,regular,primary,,
οὑ,,personal,3rd,singular,genitive,,regular,primary,,3
-,,personal,3rd,singular,nominative,,regular,primary,,
ἀλλήλᾱ,,reciprocal,,dual,accusative,feminine,regular,primary,,
ἀλλήλαιν,,reciprocal,,dual,dative,feminine,regular,primary,,
ἀλλήλαιν,,reciprocal,,dual,genitive,feminine,regular,primary,,
ἀλλήλω,,reciprocal,,dual,accusative,masculine,regular,primary,,
ἀλλήλοιν,,reciprocal,,dual,dative,masculine,regular,primary,,
ἀλλήλοιν,,reciprocal,,dual,genitive,masculine,regular,primary,,
ἀλλήλω,,reciprocal,,dual,accusative,neuter,regular,primary,,
ἀλλήλοιν,,reciprocal,,dual,dative,neuter,regular,primary,,
ἀλλήλοιν,,reciprocal,,dual,genitive,neuter,regular,primary,,
ἀλλήλᾱς,,reciprocal,,plural,accusative,feminine,regular,primary,,
ἀλλήλαις,,reciprocal,,plural,dative,feminine,regular,primary,,
ἀλλήλων,,reciprocal,,plural,genitive,feminine,regular,primary,,
ἀλλήλους,,reciprocal,,plural,accusative,masculine,regular,primary,,
ἀλλήλοις,,reciprocal,,plural,dative,masculine,regular,primary,,
ἀλλήλων,,reciprocal,,plural,genitive,masculine,regular,primary,,
ἄλληλα,,reciprocal,,plural,accusative,neuter,regular,primary,,
ἀλλήλοις,,reciprocal,,plural,dative,neuter,regular,primary,,
ἀλλήλων,,reciprocal,,plural,genitive,neuter,regular,primary,,
ἡμᾶς,,reflexive,1st,plural,accusative,feminine,regular,primary,,
αὐτά̄ς,,reflexive,1st,plural,accusative,feminine,regular,primary,,
ἡμῖν,,reflexive,1st,plural,dative,feminine,regular,primary,,
αὐταῖς,,reflexive,1st,plural,dative,feminine,regular,primary,,
ἡμῶν,,reflexive,1st,plural,genitive,feminine,regular,primary,,
αὐτῶν,,reflexive,1st,plural,genitive,feminine,regular,primary,,
ὑ̄μᾶς,,reflexive,2nd,plural,accusative,feminine,regular,primary,,
αὐτά̄ς,,reflexive,2nd,plural,accusative,feminine,regular,primary,,
ὑ̄μῖν,,reflexive,2nd,plural,dative,feminine,regular,primary,,
αὐταῖς,,reflexive,2nd,plural,dative,feminine,regular,primary,,
ὑ̄μῶν,,reflexive,2nd,plural,genitive,feminine,regular,primary,,
αὐτῶν,,reflexive,2nd,plural,genitive,feminine,regular,primary,,
ἑαυτά̄ς,,reflexive,3rd,plural,accusative,feminine,regular,primary,,
σφᾶς,,reflexive,3rd,plural,accusative,feminine,regular,primary,,
αὑτά̄ς,,reflexive,3rd,plural,accusative,feminine,regular,primary,,
ἑαυταῖς,,reflexive,3rd,plural,dative,feminine,regular,primary,,
σφίσιν,,reflexive,3rd,plural,dative,feminine,regular,primary,,
αὑταῖς,,reflexive,3rd,plural,dative,feminine,regular,primary,,
ἑαυτῶν,,reflexive,3rd,plural,genitive,feminine,regular,primary,,
σφῶν,,reflexive,3rd,plural,genitive,feminine,regular,primary,,
αὑτῶν,,reflexive,3rd,plural,genitive,feminine,regular,primary,,
ἡμᾶς,,reflexive,1st,plural,accusative,masculine,regular,primary,,
αὐτούς,,reflexive,1st,plural,accusative,masculine,regular,primary,,
ἡμῖν,,reflexive,1st,plural,dative,masculine,regular,primary,,
αὐτοῖς,,reflexive,1st,plural,dative,masculine,regular,primary,,
ἡμῶν,,reflexive,1st,plural,genitive,masculine,regular,primary,,
αὐτῶν,,reflexive,1st,plural,genitive,masculine,regular,primary,,
ὑ̄μᾶς,,reflexive,2nd,plural,accusative,masculine,regular,primary,,
αὐτούς,,reflexive,2nd,plural,accusative,masculine,regular,primary,,
ὑ̄μῖν,,reflexive,2nd,plural,dative,masculine,regular,primary,,
αὐτοῖς,,reflexive,2nd,plural,dative,masculine,regular,primary,,
ὑ̄μῶν,,reflexive,2nd,plural,genitive,masculine,regular,primary,,
αὐτῶν,,reflexive,2nd,plural,genitive,masculine,regular,primary,,
ἑαυτούς,,reflexive,3rd,plural,accusative,masculine,regular,primary,,
σφᾶς,,reflexive,3rd,plural,accusative,masculine,regular,primary,,
αὑτούς,,reflexive,3rd,plural,accusative,masculine,regular,primary,,
ἑαυτοῖς,,reflexive,3rd,plural,dative,masculine,regular,primary,,
σφίσιν,,reflexive,3rd,plural,dative,masculine,regular,primary,,
αὑτοῖς,,reflexive,3rd,plural,dative,masculine,regular,primary,,
ἑαυτῶν,,reflexive,3rd,plural,genitive,masculine,regular,primary,,
σφῶν,,reflexive,3rd,plural,genitive,masculine,regular,primary,,
αὑτῶν,,reflexive,3rd,plural,genitive,masculine,regular,primary,,
ἑαυτά,,reflexive,3rd,plural,accusative,neuter,regular,primary,,
σφέα,,reflexive,3rd,plural,accusative,neuter,regular,primary,,
αὑτά,,reflexive,3rd,plural,accusative,neuter,regular,primary,,
ἑαυτοῖς,,reflexive,3rd,plural,dative,neuter,regular,primary,,
σφίσιν,,reflexive,3rd,plural,dative,neuter,regular,primary,,
αὑτοῖς,,reflexive,3rd,plural,dative,neuter,regular,primary,,
ἑαυτῶν,,reflexive,3rd,plural,genitive,neuter,regular,primary,,
σφῶν,,reflexive,3rd,plural,genitive,neuter,regular,primary,,
αὑτῶν,,reflexive,3rd,plural,genitive,neuter,regular,primary,,
ἐμαυτήν,,reflexive,1st,singular,accusative,feminine,regular,primary,,
ἐμαυτῇ,,reflexive,1st,singular,dative,feminine,regular,primary,,
ἐμαυτῆς,,reflexive,1st,singular,genitive,feminine,regular,primary,,
σεαυτήν,,reflexive,2nd,singular,accusative,feminine,regular,primary,,
σαυτήν,,reflexive,2nd,singular,accusative,feminine,regular,primary,,
σεαυτῇ,,reflexive,2nd,singular,dative,feminine,regular,primary,,
σαυτῇ,,reflexive,2nd,singular,dative,feminine,regular,primary,,
σεαυτῆς,,reflexive,2nd,singular,genitive,feminine,regular,primary,,
σαυτῆς,,reflexive,2nd,singular,genitive,feminine,regular,primary,,
ἑαυτήν,,reflexive,3rd,singular,accusative,feminine,regular,primary,,
αὑτήν,,reflexive,3rd,singular,accusative,feminine,regular,primary,,
ἑαυτῇ,,reflexive,3rd,singular,dative,feminine,regular,primary,,
αὑτῇ,,reflexive,3rd,singular,dative,feminine,regular,primary,,
ἑαυτῆς,,reflexive,3rd,singular,genitive,feminine,regular,primary,,
αὑτῆς,,reflexive,3rd,singular,genitive,feminine,regular,primary,,
ἐμαυτόν,,reflexive,1st,singular,accusative,masculine,regular,primary,,
ἐμαυτῷ,,reflexive,1st,singular,dative,masculine,regular,primary,,
ἐμαυτοῦ,,reflexive,1st,singular,genitive,masculine,regular,primary,,
σεαυτόν,,reflexive,2nd,singular,accusative,masculine,regular,primary,,
σαυτόν,,reflexive,2nd,singular,accusative,masculine,regular,primary,,
σεαυτῷ,,reflexive,2nd,singular,dative,masculine,regular,primary,,
σαυτῷ,,reflexive,2nd,singular,dative,masculine,regular,primary,,
σεαυτοῦ,,reflexive,2nd,singular,genitive,masculine,regular,primary,,
σαυτοῦ,,reflexive,2nd,singular,genitive,masculine,regular,primary,,
ἑαυτόν,,reflexive,3rd,singular,accusative,masculine,regular,primary,,
αὑτόν,,reflexive,3rd,singular,accusative,masculine,regular,primary,,
ἑαυτῷ,,reflexive,3rd,singular,dative,masculine,regular,primary,,
αὑτῷ,,reflexive,3rd,singular,dative,masculine,regular,primary,,
ἑαυτοῦ,,reflexive,3rd,singular,genitive,masculine,regular,primary,,
αὑτοῦ,,reflexive,3rd,singular,genitive,masculine,regular,primary,,
ἑαυτό,,reflexive,3rd,singular,accusative,neuter,regular,primary,,
αὑτό,,reflexive,3rd,singular,accusative,neuter,regular,primary,,
ἑαυτῷ,,reflexive,3rd,singular,dative,neuter,regular,primary,,
αὑτῷ,,reflexive,3rd,singular,dative,neuter,regular,primary,,
ἑαυτοῦ,,reflexive,3rd,singular,genitive,neuter,regular,primary,,
αὑτοῦ,,reflexive,3rd,singular,genitive,neuter,regular,primary,,
ὥ,,relative,,dual,accusative,feminine,regular,primary,,
ἅ̄,,relative,,dual,accusative,feminine,irregular,,Attic,
οἷν,,relative,,dual,dative,feminine,regular,primary,,
αἷν,,relative,,dual,dative,feminine,irregular,,Attic,
οἷν,,relative,,dual,genitive,feminine,regular,primary,,
αἷν,,relative,,dual,genitive,feminine,irregular,,Attic,
ὥ,,relative,,dual,nominative,feminine,regular,primary,,
ἅ̄,,relative,,dual,nominative,feminine,irregular,,Attic,
ὥ,,relative,,dual,accusative,masculine,regular,primary,,
οἷν,,relative,,dual,dative,masculine,regular,primary,,
οἷν,,relative,,dual,genitive,masculine,regular,primary,,
ὥ,,relative,,dual,nominative,masculine,regular,primary,,
ὥ,,relative,,dual,accusative,neuter,regular,primary,,
οἷν,,relative,,dual,dative,neuter,regular,primary,,
οἷν,,relative,,dual,genitive,neuter,regular,primary,,
ὥ,,relative,,dual,nominative,neuter,regular,primary,,
ἅ̄ς,,relative,,plural,accusative,feminine,regular,primary,,
αἷς,,relative,,plural,dative,feminine,regular,primary,,
ὧν,,relative,,plural,genitive,feminine,regular,primary,,
αἵ,,relative,,plural,nominative,feminine,regular,primary,,
οὕς,,relative,,plural,accusative,masculine,regular,primary,,
οἷς,,relative,,plural,dative,masculine,regular,primary,,
ὧν,,relative,,plural,genitive,masculine,regular,primary,,
οἵ,,relative,,plural,nominative,masculine,regular,primary,,
ἅ,,relative,,plural,accusative,neuter,regular,primary,,
οἷς,,relative,,plural,dative,neuter,regular,primary,,
ὧν,,relative,,plural,genitive,neuter,regular,primary,,
ἅ,,relative,,plural,nominative,neuter,regular,primary,,
ἥν,,relative,,singular,accusative,feminine,regular,primary,,
ᾗ,,relative,,singular,dative,feminine,regular,primary,,
ἧς,,relative,,singular,genitive,feminine,regular,primary,,
ἥ,,relative,,singular,nominative,feminine,regular,primary,,
ὅν,,relative,,singular,accusative,masculine,regular,primary,,
ᾧ,,relative,,singular,dative,masculine,regular,primary,,
οὗ,,relative,,singular,genitive,masculine,regular,primary,,
ὅς,,relative,,singular,nominative,masculine,regular,primary,,
ὅ,,relative,,singular,accusative,neuter,regular,primary,,
ᾧ,,relative,,singular,dative,neuter,regular,primary,,
οὗ,,relative,,singular,genitive,neuter,regular,primary,,
ὅ,,relative,,singular,nominative,neuter,regular,primary,,