Ending,Conjugation,Voice,Mood,Tense,Number,Person,Type,Footnote
ō,1st,active,indicative,present,singular,1st,regular,
ās,1st,active,indicative,present,singular,2nd,regular,
at,1st,active,indicative,present,singular,3rd,regular,
āmus,1st,active,indicative,present,plural,1st,regular,
ātis,1st,active,indicative,present,plural,2nd,regular,
ant,1st,active,indicative,present,plural,3rd,regular,
em,1st,active,subjunctive,present,singular,1st,regular,
ēs,1st,active,subjunctive,present,singular,2nd,regular,
et,1st,active,subjunctive,present,singular,3rd,regular,
ēmus,1st,active,subjunctive,present,plural,1st,regular,
ētis,1st,active,subjunctive,present,plural,2nd,regular,
ent,1st,active,subjunctive,present,plural,3rd,regular,
eō,2nd,active,indicative,present,singular,1st,regular,
ēs,2nd,active,indicative,present,singular,2nd,regular,
ēt,2nd,active,indicative,present,singular,3rd,regular,
ēmus,2nd,active,indicative,present,plural,1st,regular,
ētis,2nd,active,indicative,present,plural,2nd,regular,
ent,2nd,active,indicative,present,plural,3rd,regular,
eam,2nd,active,subjunctive,present,singular,1st,regular,
eās,2nd,active,subjunctive,present,singular,2nd,regular,
eat,2nd,active,subjunctive,present,singular,3rd,regular,
eāmus,2nd,active,subjunctive,present,plural,1st,regular,
eātis,2nd,active,subjunctive,present,plural,2nd,regular,
eant,2nd,active,subjunctive,present,plural,3rd,regular,
ō,3rd,active,indicative,present,singular,1st,regular,
is,3rd,active,indicative,present,singular,2nd,regular,
it,3rd,active,indicative,present,singular,3rd,regular,
imus,3rd,active,indicative,present,plural,1st,regular,
itis,3rd,active,indicative,present,plural,2nd,regular,
unt,3rd,active,indicative,present,plural,3rd,regular,
am,3rd,active,subjunctive,present,singular,1st,regular,
ās,3rd,active,subjunctive,present,singular,2nd,regular,
at,3rd,active,subjunctive,present,singular,3rd,regular,
āmus,3rd,active,subjunctive,present,plural,1st,regular,
ātis,3rd,active,subjunctive,present,plural,2nd,regular,
ant,3rd,active,subjunctive,present,plural,3rd,regular,
iō,4th,active,indicative,present,singular,1st,regular,
īs,4th,active,indicative,present,singular,2nd,regular,
it,4th,active,indicative,present,singular,3rd,regular,
īmus,4th,active,indicative,present,plural,1st,regular,
ītis,4th,active,indicative,present,plural,2nd,regular,
iunt,4th,active,indicative,present,plural,3rd,regular,
iam,4th,active,subjunctive,present,singular,1st,regular,
iās,4th,active,subjunctive,present,singular,2nd,regular,
iat,4th,active,subjunctive,present,singular,3rd,regular,
iāmus,4th,active,subjunctive,present,plural,1st,regular,
iāatis,4th,active,subjunctive,present,plural,2nd,regular,
iant,4th,active,subjunctive,present,plural,3rd,regular,
ābam,1st,active,indicative,imperfect,singular,1st,regular,
ābas,1st,active,indicative,imperfect,singular,2nd,regular,
ābat,1st,active,indicative,imperfect,singular,3rd,regular,
ābāmus,1st,active,indicative,imperfect,plural,1st,regular,
ābātis,1st,active,indicative,imperfect,plural,2nd,regular,
ābant,1st,active,indicative,imperfect,plural,3rd,regular,
ārem,1st,active,subjunctive,imperfect,singular,1st,regular,
ārēs,1st,active,subjunctive,imperfect,singular,2nd,regular,
āret,1st,active,subjunctive,imperfect,singular,3rd,regular,
ārēmus,1st,active,subjunctive,imperfect,plural,1st,regular,
ārētis,1st,active,subjunctive,imperfect,plural,2nd,regular,
ārent,1st,active,subjunctive,imperfect,plural,3rd,regular,
ēbam,2nd,active,indicative,imperfect,singular,1st,regular,
ēbās,2nd,active,indicative,imperfect,singular,2nd,regular,
ēbat,2nd,active,indicative,imperfect,singular,3rd,regular,
ēbāmus,2nd,active,indicative,imperfect,plural,1st,regular,
ēbātis,2nd,active,indicative,imperfect,plural,2nd,regular,
ēbant,2nd,active,indicative,imperfect,plural,3rd,regular,
ērem,2nd,active,subjunctive,imperfect,singular,1st,regular,
ērēs,2nd,active,subjunctive,imperfect,singular,2nd,regular,
ēret,2nd,active,subjunctive,imperfect,singular,3rd,regular,
ērēmus,2nd,active,subjunctive,imperfect,plural,1st,regular,
ērētis,2nd,active,subjunctive,imperfect,plural,2nd,regular,
ērēnt,2nd,active,subjunctive,imperfect,plural,3rd,regular,
ēbas,3rd,active,indicative,imperfect,singular,1st,regular,
ēbāt,3rd,active,indicative,imperfect,singular,2nd,regular,
ēbat,3rd,active,indicative,imperfect,singular,3rd,regular,
ēbāmus,3rd,active,indicative,imperfect,plural,1st,regular,
ēbātis,3rd,active,indicative,imperfect,plural,2nd,regular,
ēbant,3rd,active,indicative,imperfect,plural,3rd,regular,
erem,3rd,active,subjunctive,imperfect,singular,1st,regular,
erēs,3rd,active,subjunctive,imperfect,singular,2nd,regular,
eret,3rd,active,subjunctive,imperfect,singular,3rd,regular,
erēmus,3rd,active,subjunctive,imperfect,plural,1st,regular,
erētis,3rd,active,subjunctive,imperfect,plural,2nd,regular,
erent,3rd,active,subjunctive,imperfect,plural,3rd,regular,
iēbam,4th,active,indicative,imperfect,singular,1st,regular,
ībam,4th,active,indicative,imperfect,singular,1st,irregular,2
iēbas,4th,active,indicative,imperfect,singular,2nd,regular,
ības,4th,active,indicative,imperfect,singular,2nd,irregular,
iēbat,4th,active,indicative,imperfect,singular,3rd,regular,
ībat,4th,active,indicative,imperfect,singular,3rd,irregular,
iēbāmus,4th,active,indicative,imperfect,plural,1st,regular,
ībāmus,4th,active,indicative,imperfect,plural,1st,irregular,
iēbātis,4th,active,indicative,imperfect,plural,2nd,regular,
ībātis,4th,active,indicative,imperfect,plural,2nd,irregular,
iēbant,4th,active,indicative,imperfect,plural,3rd,regular,
ībant,4th,active,indicative,imperfect,plural,3rd,irregular,
īrem,4th,active,subjunctive,imperfect,singular,1st,regular,
īrēs,4th,active,subjunctive,imperfect,singular,2nd,regular,
īret,4th,active,subjunctive,imperfect,singular,3rd,regular,
īrēmus,4th,active,subjunctive,imperfect,plural,1st,regular,
īrētis,4th,active,subjunctive,imperfect,plural,2nd,regular,
īrēnt,4th,active,subjunctive,imperfect,plural,3rd,regular,
ābo,1st,active,indicative,future,singular,1st,regular,
ābis,1st,active,indicative,future,singular,2nd,regular,
ābit,1st,active,indicative,future,singular,3rd,regular,
ābimus,1st,active,indicative,future,plural,1st,regular,
ābitis,1st,active,indicative,future,plural,2nd,regular,
ābunt,1st,active,indicative,future,plural,3rd,regular,
,1st,active,subjunctive,future,singular,1st,,
,1st,active,subjunctive,future,singular,2nd,,
,1st,active,subjunctive,future,singular,3rd,,
,1st,active,subjunctive,future,plural,1st,,
,1st,active,subjunctive,future,plural,2nd,,
,1st,active,subjunctive,future,plural,3rd,,
ēbō,2nd,active,indicative,future,singular,1st,regular,
ēbis,2nd,active,indicative,future,singular,2nd,regular,
ēbit,2nd,active,indicative,future,singular,3rd,regular,
ēbimus,2nd,active,indicative,future,plural,1st,regular,
ēbitis,2nd,active,indicative,future,plural,2nd,regular,
ēbunt,2nd,active,indicative,future,plural,3rd,regular,
,2nd,active,subjunctive,future,singular,1st,regular,
,2nd,active,subjunctive,future,singular,2nd,,
,2nd,active,subjunctive,future,singular,3rd,,
,2nd,active,subjunctive,future,plural,1st,,
,2nd,active,subjunctive,future,plural,2nd,,
,2nd,active,subjunctive,future,plural,3rd,,
am,3rd,active,indicative,future,singular,1st,regular,
ēs,3rd,active,indicative,future,singular,2nd,regular,
et,3rd,active,indicative,future,singular,3rd,regular,
ēmus,3rd,active,indicative,future,plural,1st,regular,
ētis,3rd,active,indicative,future,plural,2nd,regular,
ent,3rd,active,indicative,future,plural,3rd,regular,
,3rd,active,subjunctive,future,singular,1st,,
,3rd,active,subjunctive,future,singular,2nd,,
,3rd,active,subjunctive,future,singular,3rd,,
,3rd,active,subjunctive,future,plural,1st,,
,3rd,active,subjunctive,future,plural,2nd,,
,3rd,active,subjunctive,future,plural,3rd,,
iam,4th,active,indicative,future,singular,1st,regular,
ībō,4th,active,indicative,future,singular,1st,irregular,2
iēs,4th,active,indicative,future,singular,2nd,regular,
ībis,4th,active,indicative,future,singular,2nd,irregular,
iet,4th,active,indicative,future,singular,3rd,regular,
ībit,4th,active,indicative,future,singular,3rd,irregular,
iēmus,4th,active,indicative,future,plural,1st,regular,
ībimus,4th,active,indicative,future,plural,1st,irregular,
iētis,4th,active,indicative,future,plural,2nd,regular,
ībitis,4th,active,indicative,future,plural,2nd,irregular,
ient,4th,active,indicative,future,plural,3rd,regular,
ībunt,4th,active,indicative,future,plural,3rd,irregular,
,4th,active,subjunctive,future,singular,1st,,
,4th,active,subjunctive,future,singular,2nd,,
,4th,active,subjunctive,future,singular,3rd,,
,4th,active,subjunctive,future,plural,1st,,
,4th,active,subjunctive,future,plural,2nd,,
,4th,active,subjunctive,future,plural,3rd,,
āvī,1st,active,indicative,perfect,singular,1st,regular,
āvistī,1st,active,indicative,perfect,singular,2nd,regular,
āvit,1st,active,indicative,perfect,singular,3rd,regular,
āvimus,1st,active,indicative,perfect,plural,1st,regular,
āvistis,1st,active,indicative,perfect,plural,2nd,regular,
āvērunt,1st,active,indicative,perfect,plural,3rd,regular,
āvēre,1st,active,indicative,perfect,plural,3rd,irregular,6
āverim,1st,active,subjunctive,perfect,singular,1st,regular,
āveris,1st,active,subjunctive,perfect,singular,2nd,regular,
āverit,1st,active,subjunctive,perfect,singular,3rd,regular,
āverimus,1st,active,subjunctive,perfect,plural,1st,regular,
āveritis,1st,active,subjunctive,perfect,plural,2nd,regular,
āverint,1st,active,subjunctive,perfect,plural,3rd,regular,
vī,2nd,active,indicative,perfect,singular,1st,regular,
vistī,2nd,active,indicative,perfect,singular,2nd,regular,
vit,2nd,active,indicative,perfect,singular,3rd,regular,
vimus,2nd,active,indicative,perfect,plural,1st,regular,
vistis,2nd,active,indicative,perfect,plural,2nd,regular,
vērunt,2nd,active,indicative,perfect,plural,3rd,regular,
vēre,2nd,active,indicative,perfect,plural,3rd,irregular,6
verim,2nd,active,subjunctive,perfect,singular,1st,regular,
veris,2nd,active,subjunctive,perfect,singular,2nd,regular,
verit,2nd,active,subjunctive,perfect,singular,3rd,regular,
verimus,2nd,active,subjunctive,perfect,plural,1st,regular,
veritis,2nd,active,subjunctive,perfect,plural,2nd,regular,
verint,2nd,active,subjunctive,perfect,plural,3rd,regular,
ī,3rd,active,indicative,perfect,singular,1st,regular,
istī,3rd,active,indicative,perfect,singular,2nd,regular,
it,3rd,active,indicative,perfect,singular,3rd,regular,
imus,3rd,active,indicative,perfect,plural,1st,regular,
istis,3rd,active,indicative,perfect,plural,2nd,regular,
ērunt,3rd,active,indicative,perfect,plural,3rd,regular,
ēre,3rd,active,indicative,perfect,plural,3rd,irregular,6
erim,3rd,active,subjunctive,perfect,singular,1st,regular,
eris,3rd,active,subjunctive,perfect,singular,2nd,regular,
erit,3rd,active,subjunctive,perfect,singular,3rd,regular,
erimus,3rd,active,subjunctive,perfect,plural,1st,regular,
eritis,3rd,active,subjunctive,perfect,plural,2nd,regular,
erint,3rd,active,subjunctive,perfect,plural,3rd,regular,
īvi,4th,active,indicative,perfect,singular,1st,regular,
īvistī,4th,active,indicative,perfect,singular,2nd,regular,
īvit,4th,active,indicative,perfect,singular,3rd,regular,
īvimus,4th,active,indicative,perfect,plural,1st,regular,
īvistis,4th,active,indicative,perfect,plural,2nd,regular,
īvērunt,4th,active,indicative,perfect,plural,3rd,regular,
īvēre,4th,active,indicative,perfect,plural,3rd,irregular,6
īverim,4th,active,subjunctive,perfect,singular,1st,regular,
iveris,4th,active,subjunctive,perfect,singular,2nd,regular,
īverit,4th,active,subjunctive,perfect,singular,3rd,regular,
īverimus,4th,active,subjunctive,perfect,plural,1st,regular,
īveritis,4th,active,subjunctive,perfect,plural,2nd,regular,
īverint,4th,active,subjunctive,perfect,plural,3rd,regular,
āveram,1st,active,indicative,pluperfect,singular,1st,regular,
āverās,1st,active,indicative,pluperfect,singular,2nd,regular,
āverat,1st,active,indicative,pluperfect,singular,3rd,regular,
āverāmus,1st,active,indicative,pluperfect,plural,1st,regular,
āverātis,1st,active,indicative,pluperfect,plural,2nd,regular,
āverant,1st,active,indicative,pluperfect,plural,3rd,regular,
āvissem,1st,active,subjunctive,pluperfect,singular,1st,regular,
āvissēs,1st,active,subjunctive,pluperfect,singular,2nd,regular,
āvisset,1st,active,subjunctive,pluperfect,singular,3rd,regular,
āvissēm,1st,active,subjunctive,pluperfect,plural,1st,regular,
āvissēs,1st,active,subjunctive,pluperfect,plural,2nd,regular,
āvisset,1st,active,subjunctive,pluperfect,plural,3rd,regular,
veram,2nd,active,indicative,pluperfect,singular,1st,regular,
verās,2nd,active,indicative,pluperfect,singular,2nd,regular,
verat,2nd,active,indicative,pluperfect,singular,3rd,regular,
verāmus,2nd,active,indicative,pluperfect,plural,1st,regular,
verātis,2nd,active,indicative,pluperfect,plural,2nd,regular,
verant,2nd,active,indicative,pluperfect,plural,3rd,regular,
vissem,2nd,active,subjunctive,pluperfect,singular,1st,regular,
vissēs,2nd,active,subjunctive,pluperfect,singular,2nd,regular,
visset,2nd,active,subjunctive,pluperfect,singular,3rd,regular,
vissēmus,2nd,active,subjunctive,pluperfect,plural,1st,regular,
vissētis,2nd,active,subjunctive,pluperfect,plural,2nd,regular,
vissent,2nd,active,subjunctive,pluperfect,plural,3rd,regular,
eram,3rd,active,indicative,pluperfect,singular,1st,regular,
erās,3rd,active,indicative,pluperfect,singular,2nd,regular,
erat,3rd,active,indicative,pluperfect,singular,3rd,regular,
erāmus,3rd,active,indicative,pluperfect,plural,1st,regular,
erātis,3rd,active,indicative,pluperfect,plural,2nd,regular,
erant,3rd,active,indicative,pluperfect,plural,3rd,regular,
issem,3rd,active,subjunctive,pluperfect,singular,1st,regular,
issēs,3rd,active,subjunctive,pluperfect,singular,2nd,regular,
isset,3rd,active,subjunctive,pluperfect,singular,3rd,regular,
issēmus,3rd,active,subjunctive,pluperfect,plural,1st,regular,
issētis,3rd,active,subjunctive,pluperfect,plural,2nd,regular,
issent,3rd,active,subjunctive,pluperfect,plural,3rd,regular,
īveram,4th,active,indicative,pluperfect,singular,1st,regular,
īverās,4th,active,indicative,pluperfect,singular,2nd,regular,
īverat,4th,active,indicative,pluperfect,singular,3rd,regular,
īverāmus,4th,active,indicative,pluperfect,plural,1st,regular,
īverātis,4th,active,indicative,pluperfect,plural,2nd,regular,
īverant,4th,active,indicative,pluperfect,plural,3rd,regular,
īvissem,4th,active,subjunctive,pluperfect,singular,1st,regular,
īvissēs,4th,active,subjunctive,pluperfect,singular,2nd,regular,
īvisset,4th,active,subjunctive,pluperfect,singular,3rd,regular,
īvissēmus,4th,active,subjunctive,pluperfect,plural,1st,regular,
īvissētis,4th,active,subjunctive,pluperfect,plural,2nd,regular,
īvissent,4th,active,subjunctive,pluperfect,plural,3rd,regular,
āverō,1st,active,indicative,future_perfect,singular,1st,regular,
āveris,1st,active,indicative,future_perfect,singular,2nd,regular,
āverit,1st,active,indicative,future_perfect,singular,3rd,regular,
āverimus,1st,active,indicative,future_perfect,plural,1st,regular,
āveritis,1st,active,indicative,future_perfect,plural,2nd,regular,
āverint,1st,active,indicative,future_perfect,plural,3rd,regular,
,1st,active,subjunctive,future_perfect,singular,1st,,
,1st,active,subjunctive,future_perfect,singular,2nd,,
,1st,active,subjunctive,future_perfect,singular,3rd,,
,1st,active,subjunctive,future_perfect,plural,1st,,
,1st,active,subjunctive,future_perfect,plural,2nd,,
,1st,active,subjunctive,future_perfect,plural,3rd,,
verō,2nd,active,indicative,future_perfect,singular,1st,regular,
vēris,2nd,active,indicative,future_perfect,singular,2nd,regular,
vērit,2nd,active,indicative,future_perfect,singular,3rd,regular,
vērimus,2nd,active,indicative,future_perfect,plural,1st,regular,
vēritis,2nd,active,indicative,future_perfect,plural,2nd,regular,
vērint,2nd,active,indicative,future_perfect,plural,3rd,regular,
,2nd,active,subjunctive,future_perfect,singular,1st,,
,2nd,active,subjunctive,future_perfect,singular,2nd,,
,2nd,active,subjunctive,future_perfect,singular,3rd,,
,2nd,active,subjunctive,future_perfect,plural,1st,,
,2nd,active,subjunctive,future_perfect,plural,2nd,,
,2nd,active,subjunctive,future_perfect,plural,3rd,,
erō,3rd,active,indicative,future_perfect,singular,1st,regular,
eris,3rd,active,indicative,future_perfect,singular,2nd,regular,
erit,3rd,active,indicative,future_perfect,singular,3rd,regular,
erimus,3rd,active,indicative,future_perfect,plural,1st,regular,
eritis,3rd,active,indicative,future_perfect,plural,2nd,regular,
erint,3rd,active,indicative,future_perfect,plural,3rd,regular,
,3rd,active,subjunctive,future_perfect,singular,1st,,
,3rd,active,subjunctive,future_perfect,singular,2nd,,
,3rd,active,subjunctive,future_perfect,singular,3rd,,
,3rd,active,subjunctive,future_perfect,plural,1st,,
,3rd,active,subjunctive,future_perfect,plural,2nd,,
,3rd,active,subjunctive,future_perfect,plural,3rd,,
īverō,4th,active,indicative,future_perfect,singular,1st,regular,
īveris,4th,active,indicative,future_perfect,singular,2nd,regular,
īverit,4th,active,indicative,future_perfect,singular,3rd,regular,
īverimus,4th,active,indicative,future_perfect,plural,1st,regular,
īveritis,4th,active,indicative,future_perfect,plural,2nd,regular,
īverint,4th,active,indicative,future_perfect,plural,3rd,regular,
,4th,active,subjunctive,future_perfect,singular,1st,,
,4th,active,subjunctive,future_perfect,singular,2nd,,
,4th,active,subjunctive,future_perfect,singular,3rd,,
,4th,active,subjunctive,future_perfect,plural,1st,,
,4th,active,subjunctive,future_perfect,plural,2nd,,
,4th,active,subjunctive,future_perfect,plural,3rd,,
or,1st,passive,indicative,present,singular,1st,regular,
āris,1st,passive,indicative,present,singular,2nd,regular,
āre,1st,passive,indicative,present,singular,2nd,irregular,5
ātur,1st,passive,indicative,present,singular,3rd,regular,
āmur,1st,passive,indicative,present,plural,1st,regular,
āminiī,1st,passive,indicative,present,plural,2nd,regular,
antur,1st,passive,indicative,present,plural,3rd,regular,
er,1st,passive,subjunctive,present,singular,1st,regular,
ēris,1st,passive,subjunctive,present,singular,2nd,regular,
ēre,1st,passive,subjunctive,present,singular,2nd,regular,
ētur,1st,passive,subjunctive,present,singular,3rd,regular,
ēmur,1st,passive,subjunctive,present,plural,1st,regular,
ēminī,1st,passive,subjunctive,present,plural,2nd,regular,
entur,1st,passive,subjunctive,present,plural,3rd,regular,
eor,2nd,passive,indicative,present,singular,1st,regular,
ēris,2nd,passive,indicative,present,singular,2nd,regular,
ēre,2nd,passive,indicative,present,singular,2nd,regular,
ētur,2nd,passive,indicative,present,singular,3rd,regular,
ēmur,2nd,passive,indicative,present,plural,1st,regular,
ēmini,2nd,passive,indicative,present,plural,2nd,regular,
entur,2nd,passive,indicative,present,plural,3rd,regular,
ear,2nd,passive,subjunctive,present,singular,1st,regular,
eāris,2nd,passive,subjunctive,present,singular,2nd,regular,
eāre,2nd,passive,subjunctive,present,singular,2nd,regular,
eātur,2nd,passive,subjunctive,present,singular,3rd,regular,
eāmur,2nd,passive,subjunctive,present,plural,1st,regular,
eāminī,2nd,passive,subjunctive,present,plural,2nd,regular,
eantur,2nd,passive,subjunctive,present,plural,3rd,regular,
or,3rd,passive,indicative,present,singular,1st,regular,
eris,3rd,passive,indicative,present,singular,2nd,regular,
ere,3rd,passive,indicative,present,singular,2nd,regular,
itur,3rd,passive,indicative,present,singular,3rd,regular,
imur,3rd,passive,indicative,present,plural,1st,regular,
iminī,3rd,passive,indicative,present,plural,2nd,regular,
untur,3rd,passive,indicative,present,plural,3rd,regular,
ar,3rd,passive,subjunctive,present,singular,1st,regular,
āris,3rd,passive,subjunctive,present,singular,2nd,regular,
āre,3rd,passive,subjunctive,present,singular,2nd,regular,
ātur,3rd,passive,subjunctive,present,singular,3rd,regular,
āmur,3rd,passive,subjunctive,present,plural,1st,regular,
āminī,3rd,passive,subjunctive,present,plural,2nd,regular,
antur,3rd,passive,subjunctive,present,plural,3rd,regular,
ior,4th,passive,indicative,present,singular,1st,regular,
īris,4th,passive,indicative,present,singular,2nd,regular,
īre,4th,passive,indicative,present,singular,2nd,regular,
ītur,4th,passive,indicative,present,singular,3rd,regular,
īmur,4th,passive,indicative,present,plural,1st,regular,
īminī,4th,passive,indicative,present,plural,2nd,regular,
iuntur,4th,passive,indicative,present,plural,3rd,regular,
iar,4th,passive,subjunctive,present,singular,1st,regular,
iāris,4th,passive,subjunctive,present,singular,2nd,regular,
iāre,4th,passive,subjunctive,present,singular,2nd,regular,
iātur,4th,passive,subjunctive,present,singular,3rd,regular,
iāmur,4th,passive,subjunctive,present,plural,1st,regular,
iāminī,4th,passive,subjunctive,present,plural,2nd,regular,
iantur,4th,passive,subjunctive,present,plural,3rd,regular,
ābar,1st,passive,indicative,imperfect,singular,1st,regular,
ābāaris,1st,passive,indicative,imperfect,singular,2nd,regular,
ābāre,1st,passive,indicative,imperfect,singular,2nd,regular,
ābātur,1st,passive,indicative,imperfect,singular,3rd,regular,
ābāmur,1st,passive,indicative,imperfect,plural,1st,regular,
ābāminī,1st,passive,indicative,imperfect,plural,2nd,regular,
ābantur,1st,passive,indicative,imperfect,plural,3rd,regular,
ārer,1st,passive,subjunctive,imperfect,singular,1st,regular,
ārēris,1st,passive,subjunctive,imperfect,singular,2nd,regular,
ārēre,1st,passive,subjunctive,imperfect,singular,2nd,regular,
ārētur,1st,passive,subjunctive,imperfect,singular,3rd,regular,
ārēmur,1st,passive,subjunctive,imperfect,plural,1st,regular,
ārēminī,1st,passive,subjunctive,imperfect,plural,2nd,regular,
ārentur,1st,passive,subjunctive,imperfect,plural,3rd,regular,
ēbar,2nd,passive,indicative,imperfect,singular,1st,regular,
ēbāris,2nd,passive,indicative,imperfect,singular,2nd,regular,
ēbāre,2nd,passive,indicative,imperfect,singular,2nd,regular,
ēbātur,2nd,passive,indicative,imperfect,singular,3rd,regular,
ēbāmur,2nd,passive,indicative,imperfect,plural,1st,regular,
ēbāmini,2nd,passive,indicative,imperfect,plural,2nd,regular,
ēbantur,2nd,passive,indicative,imperfect,plural,3rd,regular,
ērer,2nd,passive,subjunctive,imperfect,singular,1st,regular,
ērēris,2nd,passive,subjunctive,imperfect,singular,2nd,regular,
ērēre,2nd,passive,subjunctive,imperfect,singular,2nd,regular,
ērētur,2nd,passive,subjunctive,imperfect,singular,3rd,regular,
ērēmur,2nd,passive,subjunctive,imperfect,plural,1st,regular,
ērēminī,2nd,passive,subjunctive,imperfect,plural,2nd,regular,
ērentur,2nd,passive,subjunctive,imperfect,plural,3rd,regular,
ēbar,3rd,passive,indicative,imperfect,singular,1st,regular,
ēbāris,3rd,passive,indicative,imperfect,singular,2nd,regular,
ēbāre,3rd,passive,indicative,imperfect,singular,2nd,regular,
ēbatur,3rd,passive,indicative,imperfect,singular,3rd,regular,
ēbāmur,3rd,passive,indicative,imperfect,plural,1st,regular,
ēbāminī,3rd,passive,indicative,imperfect,plural,2nd,regular,
ēbantur,3rd,passive,indicative,imperfect,plural,3rd,regular,
erer,3rd,passive,subjunctive,imperfect,singular,1st,regular,
erēris,3rd,passive,subjunctive,imperfect,singular,2nd,regular,
erēre,3rd,passive,subjunctive,imperfect,singular,2nd,regular,
erētur,3rd,passive,subjunctive,imperfect,singular,3rd,regular,
erēmur,3rd,passive,subjunctive,imperfect,plural,1st,regular,
erēminī,3rd,passive,subjunctive,imperfect,plural,2nd,regular,
erentur,3rd,passive,subjunctive,imperfect,plural,3rd,regular,
iēbar,4th,passive,indicative,imperfect,singular,1st,regular,
iēbāris,4th,passive,indicative,imperfect,singular,2nd,regular,
iēbāre,4th,passive,indicative,imperfect,singular,2nd,regular,
iēbātur,4th,passive,indicative,imperfect,singular,3rd,regular,
iēbāmur,4th,passive,indicative,imperfect,plural,1st,regular,
iēbāminī,4th,passive,indicative,imperfect,plural,2nd,regular,
iēbantur,4th,passive,indicative,imperfect,plural,3rd,regular,
īrer,4th,passive,subjunctive,imperfect,singular,1st,regular,
īrēris,4th,passive,subjunctive,imperfect,singular,2nd,regular,
īrēre,4th,passive,subjunctive,imperfect,singular,2nd,regular,
īrētur,4th,passive,subjunctive,imperfect,singular,3rd,regular,
īrēmur,4th,passive,subjunctive,imperfect,plural,1st,regular,
īrēminī,4th,passive,subjunctive,imperfect,plural,2nd,regular,
īrentur,4th,passive,subjunctive,imperfect,plural,3rd,regular,
ābor,1st,passive,indicative,future,singular,1st,regular,
āberis,1st,passive,indicative,future,singular,2nd,regular,
ābere,1st,passive,indicative,future,singular,2nd,irregular,
ābitur,1st,passive,indicative,future,singular,3rd,regular,
ābimur,1st,passive,indicative,future,plural,1st,regular,
ābiminī,1st,passive,indicative,future,plural,2nd,regular,
ābuntur,1st,passive,indicative,future,plural,3rd,regular,
,1st,passive,subjunctive,future,singular,1st,,
,1st,passive,subjunctive,future,singular,2nd,,
,1st,passive,subjunctive,future,singular,3rd,,
,1st,passive,subjunctive,future,plural,1st,,
,1st,passive,subjunctive,future,plural,2nd,,
,1st,passive,subjunctive,future,plural,3rd,,
ēbor,2nd,passive,indicative,future,singular,1st,regular,
ēberis,2nd,passive,indicative,future,singular,2nd,regular,
ēbere,2nd,passive,indicative,future,singular,2nd,regular,
ēbitur,2nd,passive,indicative,future,singular,3rd,regular,
ēbimur,2nd,passive,indicative,future,plural,1st,regular,
ēbiminī,2nd,passive,indicative,future,plural,2nd,regular,
ēbuntur,2nd,passive,indicative,future,plural,3rd,regular,
,2nd,passive,subjunctive,future,singular,1st,,
,2nd,passive,subjunctive,future,singular,2nd,,
,2nd,passive,subjunctive,future,singular,3rd,,
,2nd,passive,subjunctive,future,plural,1st,,
,2nd,passive,subjunctive,future,plural,2nd,,
,2nd,passive,subjunctive,future,plural,3rd,,
ar,3rd,passive,indicative,future,singular,1st,regular,
ēris,3rd,passive,indicative,future,singular,2nd,regular,
ēre,3rd,passive,indicative,future,singular,2nd,irregular,
ētur,3rd,passive,indicative,future,singular,3rd,regular,
ēmur,3rd,passive,indicative,future,plural,1st,regular,
ēminī,3rd,passive,indicative,future,plural,2nd,regular,
entur,3rd,passive,indicative,future,plural,3rd,regular,
,3rd,passive,subjunctive,future,singular,1st,,
,3rd,passive,subjunctive,future,singular,2nd,,
,3rd,passive,subjunctive,future,singular,3rd,,
,3rd,passive,subjunctive,future,plural,1st,,
,3rd,passive,subjunctive,future,plural,2nd,,
,3rd,passive,subjunctive,future,plural,3rd,,
iar,4th,passive,indicative,future,singular,1st,regular,
iēris,4th,passive,indicative,future,singular,2nd,regular,
īēre,4th,passive,indicative,future,singular,2nd,irregular,
iētur,4th,passive,indicative,future,singular,3rd,regular,
iēmur,4th,passive,indicative,future,plural,1st,regular,
iēminī,4th,passive,indicative,future,plural,2nd,regular,
ientur,4th,passive,indicative,future,plural,3rd,regular,
,4th,passive,subjunctive,future,singular,1st,,
,4th,passive,subjunctive,future,singular,2nd,,
,4th,passive,subjunctive,future,singular,3rd,,
,4th,passive,subjunctive,future,plural,1st,,
,4th,passive,subjunctive,future,plural,2nd,,
,4th,passive,subjunctive,future,plural,3rd,,
ātus sum,1st,passive,indicative,perfect,singular,1st,regular,
ātus fui,1st,passive,indicative,perfect,singular,1st,regular,
ātus es,1st,passive,indicative,perfect,singular,2nd,regular,
ātus fuisti,1st,passive,indicative,perfect,singular,2nd,regular,
ātus est,1st,passive,indicative,perfect,singular,3rd,regular,
ātus fuit,1st,passive,indicative,perfect,singular,3rd,regular,
āti sumus,1st,passive,indicative,perfect,plural,1st,regular,
āti fuimus,1st,passive,indicative,perfect,plural,1st,irregular,
āti estis,1st,passive,indicative,perfect,plural,2nd,regular,
āti fuistis,1st,passive,indicative,perfect,plural,2nd,irregular,
āti sunt,1st,passive,indicative,perfect,plural,3rd,regular,
āti fuerunt,1st,passive,indicative,perfect,plural,3rd,irregular,
ātus sim,1st,passive,subjunctive,perfect,singular,1st,regular,
ātus fuerim,1st,passive,subjunctive,perfect,singular,1st,irregular,
ātus sis,1st,passive,subjunctive,perfect,singular,2nd,regular,
ātus fueris,1st,passive,subjunctive,perfect,singular,2nd,irregular,
ātus sit,1st,passive,subjunctive,perfect,singular,3rd,regular,
ātus fuerit,1st,passive,subjunctive,perfect,singular,3rd,regular,
āti sīmus,1st,passive,subjunctive,perfect,plural,1st,regular,
āti fuerimus,1st,passive,subjunctive,perfect,plural,1st,irregular,
āti sītis,1st,passive,subjunctive,perfect,plural,2nd,regular,
āti fueritis,1st,passive,subjunctive,perfect,plural,2nd,irregular,
āti sint,1st,passive,subjunctive,perfect,plural,3rd,regular,
āti fuerint,1st,passive,subjunctive,perfect,plural,3rd,irregular,
itus sum,2nd,passive,indicative,perfect,singular,1st,regular,
itus es,2nd,passive,indicative,perfect,singular,2nd,regular,
itus est,2nd,passive,indicative,perfect,singular,3rd,regular,
itī sumus,2nd,passive,indicative,perfect,plural,1st,regular,
itī estis,2nd,passive,indicative,perfect,plural,2nd,regular,
itī sunt,2nd,passive,indicative,perfect,plural,3rd,regular,
itus sim,2nd,passive,subjunctive,perfect,singular,1st,regular,
itus sīs,2nd,passive,subjunctive,perfect,singular,2nd,regular,
itus sit,2nd,passive,subjunctive,perfect,singular,3rd,regular,
itī sīmus,2nd,passive,subjunctive,perfect,plural,1st,regular,
itī sītis,2nd,passive,subjunctive,perfect,plural,2nd,regular,
itī sint,2nd,passive,subjunctive,perfect,plural,3rd,regular,
us sum,3rd,passive,indicative,perfect,singular,1st,regular,
us es,3rd,passive,indicative,perfect,singular,2nd,regular,
us est,3rd,passive,indicative,perfect,singular,3rd,regular,
ī sumus,3rd,passive,indicative,perfect,plural,1st,regular,
ī estis,3rd,passive,indicative,perfect,plural,2nd,regular,
ī sunt,3rd,passive,indicative,perfect,plural,3rd,regular,
us sim,3rd,passive,subjunctive,perfect,singular,1st,regular,
us sīs,3rd,passive,subjunctive,perfect,singular,2nd,regular,
us sit,3rd,passive,subjunctive,perfect,singular,3rd,regular,
us sīmus,3rd,passive,subjunctive,perfect,plural,1st,regular,
us sītis,3rd,passive,subjunctive,perfect,plural,2nd,regular,
us sint,3rd,passive,subjunctive,perfect,plural,3rd,regular,
ītus sum,4th,passive,indicative,perfect,singular,1st,regular,
ītus es,4th,passive,indicative,perfect,singular,2nd,regular,
ītus est,4th,passive,indicative,perfect,singular,3rd,regular,
ītī sumus,4th,passive,indicative,perfect,plural,1st,regular,
īti estis,4th,passive,indicative,perfect,plural,2nd,regular,
īti sunt,4th,passive,indicative,perfect,plural,3rd,regular,
ītus sim,4th,passive,subjunctive,perfect,singular,1st,regular,
ītus sīs,4th,passive,subjunctive,perfect,singular,2nd,regular,
ītus sit,4th,passive,subjunctive,perfect,singular,3rd,regular,
ītī sīmus,4th,passive,subjunctive,perfect,plural,1st,regular,
īti sītis,4th,passive,subjunctive,perfect,plural,2nd,regular,
īti sint,4th,passive,subjunctive,perfect,plural,3rd,regular,
ātus eram,1st,passive,indicative,pluperfect,singular,1st,regular,
ātus fueram,1st,passive,indicative,pluperfect,singular,1st,irregular,
ātus eras,1st,passive,indicative,pluperfect,singular,2nd,regular,
ātus fueras,1st,passive,indicative,pluperfect,singular,2nd,irregular,
ātus erat,1st,passive,indicative,pluperfect,singular,3rd,regular,
ātus fuerat,1st,passive,indicative,pluperfect,singular,3rd,irregular,
ātī erāmus,1st,passive,indicative,pluperfect,plural,1st,regular,
ātī fueramus,1st,passive,indicative,pluperfect,plural,1st,irregular,
ātī erātis,1st,passive,indicative,pluperfect,plural,2nd,regular,
ātī fueratis,1st,passive,indicative,pluperfect,plural,2nd,irregular,
ātī erant,1st,passive,indicative,pluperfect,plural,3rd,regular,
ātī fuerant,1st,passive,indicative,pluperfect,plural,3rd,irregular,
ātus essem,1st,passive,subjunctive,pluperfect,singular,1st,regular,
ātus fuissem,1st,passive,subjunctive,pluperfect,singular,1st,irregular,
ātus esses,1st,passive,subjunctive,pluperfect,singular,2nd,regular,
ātus fuissēs,1st,passive,subjunctive,pluperfect,singular,2nd,irregular,
ātus esset,1st,passive,subjunctive,pluperfect,singular,3rd,regular,
ātus fuisset,1st,passive,subjunctive,pluperfect,singular,3rd,irregular,
āti essēmus,1st,passive,subjunctive,pluperfect,plural,1st,regular,
āti fuissēmus,1st,passive,subjunctive,pluperfect,plural,1st,irregular,
āti essētis,1st,passive,subjunctive,pluperfect,plural,2nd,regular,
āti fuissētis,1st,passive,subjunctive,pluperfect,plural,2nd,regular,
āti essent,1st,passive,subjunctive,pluperfect,plural,3rd,regular,
āti fuissent,1st,passive,subjunctive,pluperfect,plural,3rd,regular,
itus eram,2nd,passive,indicative,pluperfect,singular,1st,regular,
itus erās,2nd,passive,indicative,pluperfect,singular,2nd,regular,
itus erat,2nd,passive,indicative,pluperfect,singular,3rd,regular,
itī erāmus,2nd,passive,indicative,pluperfect,plural,1st,regular,
itī erātis,2nd,passive,indicative,pluperfect,plural,2nd,regular,
itī erant,2nd,passive,indicative,pluperfect,plural,3rd,regular,
itus essem,2nd,passive,subjunctive,pluperfect,singular,1st,regular,
itus essēs,2nd,passive,subjunctive,pluperfect,singular,2nd,regular,
itus esset,2nd,passive,subjunctive,pluperfect,singular,3rd,regular,
itī essēmus,2nd,passive,subjunctive,pluperfect,plural,1st,regular,
īti essētis,2nd,passive,subjunctive,pluperfect,plural,2nd,regular,
īti essent,2nd,passive,subjunctive,pluperfect,plural,3rd,regular,
us eram,3rd,passive,indicative,pluperfect,singular,1st,regular,
us erās,3rd,passive,indicative,pluperfect,singular,2nd,regular,
us erat,3rd,passive,indicative,pluperfect,singular,3rd,regular,
ī erāmus,3rd,passive,indicative,pluperfect,plural,1st,regular,
ī erātis,3rd,passive,indicative,pluperfect,plural,2nd,regular,
ī erant,3rd,passive,indicative,pluperfect,plural,3rd,regular,
us essem,3rd,passive,subjunctive,pluperfect,singular,1st,regular,
us essēs,3rd,passive,subjunctive,pluperfect,singular,2nd,regular,
us esset,3rd,passive,subjunctive,pluperfect,singular,3rd,regular,
ī essēmus,3rd,passive,subjunctive,pluperfect,plural,1st,regular,
ī essētis,3rd,passive,subjunctive,pluperfect,plural,2nd,regular,
ī essent,3rd,passive,subjunctive,pluperfect,plural,3rd,regular,
ītus eram,4th,passive,indicative,pluperfect,singular,1st,regular,
ītus erās,4th,passive,indicative,pluperfect,singular,2nd,regular,
ītus erat,4th,passive,indicative,pluperfect,singular,3rd,regular,
ītī erāmus,4th,passive,indicative,pluperfect,plural,1st,regular,
īti erātis,4th,passive,indicative,pluperfect,plural,2nd,regular,
ītī erant,4th,passive,indicative,pluperfect,plural,3rd,regular,
ītus essem,4th,passive,subjunctive,pluperfect,singular,1st,regular,
ītus essēs,4th,passive,subjunctive,pluperfect,singular,2nd,regular,
ītus esset,4th,passive,subjunctive,pluperfect,singular,3rd,regular,
ītī essēmus,4th,passive,subjunctive,pluperfect,plural,1st,regular,
īti essētis,4th,passive,subjunctive,pluperfect,plural,2nd,regular,
īti essent,4th,passive,subjunctive,pluperfect,plural,3rd,regular,
ātus erō,1st,passive,indicative,future_perfect,singular,1st,regular,
ātus eris,1st,passive,indicative,future_perfect,singular,2nd,regular,
ātus erit,1st,passive,indicative,future_perfect,singular,3rd,regular,
āti erimus,1st,passive,indicative,future_perfect,plural,1st,regular,
āti eritis,1st,passive,indicative,future_perfect,plural,2nd,regular,
āti erunt,1st,passive,indicative,future_perfect,plural,3rd,regular,
,1st,passive,subjunctive,future_perfect,singular,1st,,
,1st,passive,subjunctive,future_perfect,singular,2nd,,
,1st,passive,subjunctive,future_perfect,singular,3rd,,
,1st,passive,subjunctive,future_perfect,plural,1st,,
,1st,passive,subjunctive,future_perfect,plural,2nd,,
,1st,passive,subjunctive,future_perfect,plural,3rd,,
itus erō,2nd,passive,indicative,future_perfect,singular,1st,regular,
itus eris,2nd,passive,indicative,future_perfect,singular,2nd,regular,
itus erit,2nd,passive,indicative,future_perfect,singular,3rd,regular,
itī erimus,2nd,passive,indicative,future_perfect,plural,1st,regular,
itī eritis,2nd,passive,indicative,future_perfect,plural,2nd,regular,
itī erunt,2nd,passive,indicative,future_perfect,plural,3rd,regular,
,2nd,passive,subjunctive,future_perfect,singular,1st,,
,2nd,passive,subjunctive,future_perfect,singular,2nd,,
,2nd,passive,subjunctive,future_perfect,singular,3rd,,
,2nd,passive,subjunctive,future_perfect,plural,1st,,
,2nd,passive,subjunctive,future_perfect,plural,2nd,,
,2nd,passive,subjunctive,future_perfect,plural,3rd,,
us erō,3rd,passive,indicative,future_perfect,singular,1st,regular,
us eris,3rd,passive,indicative,future_perfect,singular,2nd,regular,
us erit,3rd,passive,indicative,future_perfect,singular,3rd,regular,
ī erimus,3rd,passive,indicative,future_perfect,plural,1st,regular,
ī eritis,3rd,passive,indicative,future_perfect,plural,2nd,regular,
ī erunt,3rd,passive,indicative,future_perfect,plural,3rd,regular,
,3rd,passive,subjunctive,future_perfect,singular,1st,,
,3rd,passive,subjunctive,future_perfect,singular,2nd,,
,3rd,passive,subjunctive,future_perfect,singular,3rd,,
,3rd,passive,subjunctive,future_perfect,plural,1st,,
,3rd,passive,subjunctive,future_perfect,plural,2nd,,
,3rd,passive,subjunctive,future_perfect,plural,3rd,,
ītus erō,4th,passive,indicative,future_perfect,singular,1st,regular,
ītus eris,4th,passive,indicative,future_perfect,singular,2nd,regular,
ītus erit,4th,passive,indicative,future_perfect,singular,3rd,regular,
ītī erimus,4th,passive,indicative,future_perfect,plural,1st,regular,
ītī eritis,4th,passive,indicative,future_perfect,plural,2nd,regular,
ītī erunt,4th,passive,indicative,future_perfect,plural,3rd,regular,
,4th,passive,subjunctive,future_perfect,singular,1st,,
,4th,passive,subjunctive,future_perfect,singular,2nd,,
,4th,passive,subjunctive,future_perfect,singular,3rd,,
,4th,passive,subjunctive,future_perfect,plural,1st,,
,4th,passive,subjunctive,future_perfect,plural,2nd,,
,4th,passive,subjunctive,future_perfect,plural,3rd,,